{
  "hash": "e3f0ec88",
  "configHash": "d8171585",
  "lockfileHash": "ec47074c",
  "browserHash": "4f43c567",
  "optimized": {
    "@angular/core": {
      "src": "../../../../../node_modules/@angular/core/fesm2022/core.mjs",
      "file": "@angular_core.js",
      "fileHash": "c2e18603",
      "needsInterop": false
    },
    "@angular/platform-browser": {
      "src": "../../../../../node_modules/@angular/platform-browser/fesm2022/platform-browser.mjs",
      "file": "@angular_platform-browser.js",
      "fileHash": "a1afaa78",
      "needsInterop": false
    },
    "@angular/router": {
      "src": "../../../../../node_modules/@angular/router/fesm2022/router.mjs",
      "file": "@angular_router.js",
      "fileHash": "f087c202",
      "needsInterop": false
    }
  },
  "chunks": {
    "chunk-IHFPUAUX": {
      "file": "chunk-IHFPUAUX.js"
    },
    "chunk-O7KAIYEH": {
      "file": "chunk-O7KAIYEH.js"
    }
  }
}